{"PR":{"media":648.9612940497,"desvio_padrao":98.6071859131,"mediana":650,"moda":850},"RS":{"media":651.1051428571,"desvio_padrao":95.1365984138,"mediana":650,"moda":850},"SC":{"media":649.5376527423,"desvio_padrao":97.2334927934,"mediana":653,"moda":850}}